INSERT INTO projects (id, title, category, funding_goal, start_date, end_date) VALUES (1, "a project", "music", 500.00, "05/28/1988", "05/28/2021");
INSERT INTO projects (id, title, category, funding_goal, start_date, end_date) VALUES (2, "a project", "music", 500.00, "05/28/1988", "05/28/2021");
INSERT INTO projects (id, title, category, funding_goal, start_date, end_date) VALUES (3, "a project", "music", 500.00, "05/28/1988", "05/28/2021");
INSERT INTO projects (id, title, category, funding_goal, start_date, end_date) VALUES (4, "a project", "music", 500.00, "05/28/1988", "05/28/2021");
INSERT INTO projects (id, title, category, funding_goal, start_date, end_date) VALUES (5, "a project", "music", 500.00, "05/28/1988", "05/28/2021");
INSERT INTO projects (id, title, category, funding_goal, start_date, end_date) VALUES (6, "a project", "music", 500.00, "05/28/1988", "05/28/2021");
INSERT INTO projects (id, title, category, funding_goal, start_date, end_date) VALUES (7, "a project", "music", 500.00, "05/28/1988", "05/28/2021");
INSERT INTO projects (id, title, category, funding_goal, start_date, end_date) VALUES (8, "a project", "music", 500.00, "05/28/1988", "05/28/2021");
INSERT INTO projects (id, title, category, funding_goal, start_date, end_date) VALUES (9, "a project", "music", 500.00, "05/28/1988", "05/28/2021");
INSERT INTO projects (id, title, category, funding_goal, start_date, end_date) VALUES (10, "a project", "music", 500.00, "05/28/1988", "05/28/2021");

INSERT INTO users (id, name, age) VALUES (1, "abbie", "32");
INSERT INTO users (id, name, age) VALUES (2, "abbie", "32");
INSERT INTO users (id, name, age) VALUES (3, "abbie", "32");
INSERT INTO users (id, name, age) VALUES (4, "abbie", "32");
INSERT INTO users (id, name, age) VALUES (5, "abbie", "32");
INSERT INTO users (id, name, age) VALUES (6, "abbie", "32");
INSERT INTO users (id, name, age) VALUES (7, "abbie", "32");
INSERT INTO users (id, name, age) VALUES (8, "abbie", "32");
INSERT INTO users (id, name, age) VALUES (9, "abbie", "32");
INSERT INTO users (id, name, age) VALUES (10, "abbie", "32");
INSERT INTO users (id, name, age) VALUES (11, "abbie", "32");
INSERT INTO users (id, name, age) VALUES (12, "abbie", "32");
INSERT INTO users (id, name, age) VALUES (13, "abbie", "32");
INSERT INTO users (id, name, age) VALUES (14, "abbie", "32");
INSERT INTO users (id, name, age) VALUES (15, "abbie", "32");
INSERT INTO users (id, name, age) VALUES (16, "abbie", "32");
INSERT INTO users (id, name, age) VALUES (17, "abbie", "32");
INSERT INTO users (id, name, age) VALUES (18, "abbie", "32");
INSERT INTO users (id, name, age) VALUES (19, "abbie", "32");
INSERT INTO users (id, name, age) VALUES (20, "abbie", "32");

INSERT INTO pledges (id, amount, user_id, project_id) VALUES (1, 400.50, 2, 10);
INSERT INTO pledges (id, amount, user_id, project_id) VALUES (2, 400, 2, 10);
INSERT INTO pledges (id, amount, user_id, project_id) VALUES (3, 50, 2, 10);
INSERT INTO pledges (id, amount, user_id, project_id) VALUES (4, 100.00, 3, 10);
INSERT INTO pledges (id, amount, user_id, project_id) VALUES (5, 4, 7, 10);
INSERT INTO pledges (id, amount, user_id, project_id) VALUES (6, 400.50, 2, 10);
INSERT INTO pledges (id, amount, user_id, project_id) VALUES (7, 400.50, 2, 3);
INSERT INTO pledges (id, amount, user_id, project_id) VALUES (8, 400.50, 2, 7);
INSERT INTO pledges (id, amount, user_id, project_id) VALUES (9, 400.50, 2, 4);
INSERT INTO pledges (id, amount, user_id, project_id) VALUES (10, 400.50, 2, 2);
INSERT INTO pledges (id, amount, user_id, project_id) VALUES (11, 400.50, 2, 10);
INSERT INTO pledges (id, amount, user_id, project_id) VALUES (12, 400.50, 2, 10);
INSERT INTO pledges (id, amount, user_id, project_id) VALUES (13, 400.50, 2, 10);
INSERT INTO pledges (id, amount, user_id, project_id) VALUES (14, 400.50, 2, 10);
INSERT INTO pledges (id, amount, user_id, project_id) VALUES (15, 400.50, 2, 10);
INSERT INTO pledges (id, amount, user_id, project_id) VALUES (16, 400.50, 2, 10);
INSERT INTO pledges (id, amount, user_id, project_id) VALUES (17, 400.50, 2, 10);
INSERT INTO pledges (id, amount, user_id, project_id) VALUES (18, 400.50, 2, 10);
INSERT INTO pledges (id, amount, user_id, project_id) VALUES (19, 400.50, 2, 10);
INSERT INTO pledges (id, amount, user_id, project_id) VALUES (20, 400.50, 2, 10);
INSERT INTO pledges (id, amount, user_id, project_id) VALUES (21, 400.50, 2, 10);
INSERT INTO pledges (id, amount, user_id, project_id) VALUES (22, 400.50, 2, 10);
INSERT INTO pledges (id, amount, user_id, project_id) VALUES (23, 400.50, 2, 10);
INSERT INTO pledges (id, amount, user_id, project_id) VALUES (24, 400.50, 2, 10);
INSERT INTO pledges (id, amount, user_id, project_id) VALUES (25, 400.50, 2, 10);
INSERT INTO pledges (id, amount, user_id, project_id) VALUES (26, 400.50, 2, 10);
INSERT INTO pledges (id, amount, user_id, project_id) VALUES (27, 400.50, 2, 10);
INSERT INTO pledges (id, amount, user_id, project_id) VALUES (28, 400.50, 2, 10);
INSERT INTO pledges (id, amount, user_id, project_id) VALUES (29, 400.50, 2, 10);
INSERT INTO pledges (id, amount, user_id, project_id) VALUES (30, 400.50, 2, 10);